{"cameraMode":{"drawMode":0,"name":"Shaded","section":"Shading Mode"},"sceneLighting":true,"audioPlay":false,"sceneViewState":{"showFog":true,"showMaterialUpdate":false,"showSkybox":true,"showFlares":true,"showImageEffects":true,"showParticleSystems":true},"in2DMode":false,"pivot":{"x":-2.4077556133270265,"y":6.824579238891602,"z":1.5520973205566407},"rotation":{"x":0.3449496924877167,"y":0.038841914385557178,"z":-0.014288869686424733,"w":0.93770831823349},"size":34.592506408691409,"orthographic":false}