{"cameraMode":{"drawMode":0,"name":"Shaded","section":"Shading Mode"},"sceneLighting":true,"audioPlay":false,"sceneViewState":{"showFog":true,"showMaterialUpdate":false,"showSkybox":true,"showFlares":true,"showImageEffects":true,"showParticleSystems":true},"in2DMode":false,"pivot":{"x":-3.396531820297241,"y":3.001885414123535,"z":10.11196231842041},"rotation":{"x":0.03546622022986412,"y":0.4820101857185364,"z":-0.019532054662704469,"w":0.8752295970916748},"size":0.9864327311515808,"orthographic":false}