{"cameraMode":{"drawMode":0,"name":"Shaded","section":"Shading Mode"},"sceneLighting":false,"audioPlay":false,"sceneViewState":{"showFog":true,"showMaterialUpdate":false,"showSkybox":false,"showFlares":true,"showImageEffects":true,"showParticleSystems":true},"in2DMode":false,"pivot":{"x":14.750435829162598,"y":1.0089123249053956,"z":12.39000129699707},"rotation":{"x":0.6369129419326782,"y":-0.024272186681628228,"z":0.020069174468517305,"w":0.7702922224998474},"size":6.579481601715088,"orthographic":false}